{"cameraMode":{"drawMode":0,"name":"Shaded","section":"Shading Mode"},"sceneLighting":false,"audioPlay":false,"sceneViewState":{"showFog":true,"showMaterialUpdate":false,"showSkybox":true,"showFlares":true,"showImageEffects":true,"showParticleSystems":true},"in2DMode":false,"pivot":{"x":56.46327209472656,"y":47.615325927734378,"z":103.71934509277344},"rotation":{"x":-0.12297950685024262,"y":0.01696687377989292,"z":-0.0021024460438638927,"w":-0.9922635555267334},"size":84.06306457519531,"orthographic":false}